gene,Pool
PBANKA_141050,B
PBANKA_142880,A
PBANKA_082090,A
PBANKA_093290,A
PBANKA_070700,A
PBANKA_131260,G
PBANKA_030820,C
PBANKA_112230,G
PBANKA_050500,F
PBANKA_082380,C
PBANKA_114340,E
PBANKA_051820,E
PBANKA_091820,B
PBANKA_145920,D
PBANKA_052240,F
PBANKA_092010,C
PBANKA_093850,B
PBANKA_051100,A
PBANKA_010590,F
PBANKA_141810,G
PBANKA_123820,D
PBANKA_010960,H
PBANKA_082450,F
PBANKA_083260,F
PBANKA_090140,A
PBANKA_100950,F
PBANKA_100240,C
PBANKA_134810,E
PBANKA_142590,F
PBANKA_080600,D
PBANKA_111970,H
PBANKA_142540,E
PBANKA_143890,"E,T"
PBANKA_031380,D
PBANKA_134650,J
PBANKA_030480,F
PBANKA_082100,B
PBANKA_040930,D
PBANKA_100220,pilot
PBANKA_041040,E
PBANKA_100210,pilot
PBANKA_040500,H
PBANKA_101440,F
PBANKA_132950,D
PBANKA_071490,pilot
PBANKA_090210,pilot
PBANKA_143620,D
PBANKA_135750,pilot
PBANKA_050120,pilot
PBANKA_144690,B
PBANKA_112510,pilot
PBANKA_081300,J
PBANKA_060800,J
PBANKA_135870,H
PBANKA_080810,pilot
PBANKA_070620,I
PBANKA_142220,A
PBANKA_110480,G
PBANKA_010110,pilot
PBANKA_112780,B
PBANKA_112240,"G,R"
PBANKA_133820,pilot
PBANKA_060470,E
PBANKA_020710,F
PBANKA_131150,G
PBANKA_100230,F
PBANKA_091130,F
PBANKA_100630,pilot
PBANKA_051770,A
PBANKA_122770,K
PBANKA_092090,F
PBANKA_072200,K
PBANKA_124400,E
PBANKA_093380,H
PBANKA_071840,I
PBANKA_050350,F
PBANKA_031270,B
PBANKA_144110,C
PBANKA_082490,D
PBANKA_102460,pilot
PBANKA_080490,F
PBANKA_030580,F
PBANKA_136000,N
PBANKA_091410,I
PBANKA_071750,H
PBANKA_120640,F
PBANKA_140410,B
PBANKA_145980,H
PBANKA_050170,B
PBANKA_031240,K
PBANKA_130470,N
PBANKA_112220,F
PBANKA_134970,H
PBANKA_123000,K
PBANKA_112120,G
PBANKA_120180,L
PBANKA_146050,C
PBANKA_020990,G
PBANKA_052040,F
PBANKA_083290,L
PBANKA_134280,K
PBANKA_080570,N
PBANKA_070120,K
PBANKA_100160,K
PBANKA_112670,J
PBANKA_134980,pilot
PBANKA_050630,J
PBANKA_146060,A
PBANKA_031340,K
PBANKA_090880,G
PBANKA_071210,N
PBANKA_090180,H
PBANKA_144140,D
PBANKA_145030,C
PBANKA_102340,J
PBANKA_051220,K
PBANKA_111440,D
PBANKA_131510,K
PBANKA_020260,F
PBANKA_010220,J
PBANKA_101480,I
PBANKA_040860,N
PBANKA_020330,N
PBANKA_094010,C
PBANKA_121770,pilot
PBANKA_131480,F
PBANKA_112190,D
PBANKA_144590,M
PBANKA_030510,D
PBANKA_030180,M
PBANKA_011250,D
PBANKA_102480,H
PBANKA_111770,K
PBANKA_101840,D
PBANKA_083510,I
PBANKA_020760,N
PBANKA_136050,K
PBANKA_093660,K
PBANKA_071810,K
PBANKA_010890,G
PBANKA_120200,L
PBANKA_130520,A
PBANKA_081700,D
PBANKA_121380,I
PBANKA_092170,L
PBANKA_104010,K
PBANKA_091910,K
PBANKA_090620,I
PBANKA_120260,K
PBANKA_110170,I
PBANKA_051210,K
PBANKA_091860,K
PBANKA_080360,K
PBANKA_121090,K
PBANKA_103080,K
PBANKA_041810,E
PBANKA_142700,B
PBANKA_103170,L
PBANKA_082440,H
PBANKA_082400,K
PBANKA_091020,C
PBANKA_010460,N
PBANKA_131720,D
PBANKA_121220,L
PBANKA_144490,B
PBANKA_140980,H
PBANKA_121010,B
PBANKA_040590,H
PBANKA_113140,K
PBANKA_090520,M
PBANKA_101050,N
PBANKA_093690,I
PBANKA_114230,K
PBANKA_140900,H
PBANKA_110140,L
PBANKA_123640,I
PBANKA_094340,M
PBANKA_061800,F
PBANKA_090190,L
PBANKA_110800,D
PBANKA_080690,I
PBANKA_094130,L
PBANKA_112110,J
PBANKA_130300,N
PBANKA_080910,I
PBANKA_112810,pilot
PBANKA_100150,K
PBANKA_123070,H
PBANKA_120400,L
PBANKA_144380,N
PBANKA_061110,J
PBANKA_010160,I
PBANKA_134640,L
PBANKA_141470,H
PBANKA_140700,F
PBANKA_100860,M
PBANKA_040980,I
PBANKA_030980,N
PBANKA_021390,G
PBANKA_122580,I
PBANKA_094020,C
PBANKA_081910,K
PBANKA_091010,F
PBANKA_061520,B
PBANKA_041490,J
PBANKA_060390,L
PBANKA_050250,L
PBANKA_092550,D
PBANKA_050650,pilot
PBANKA_113420,C
PBANKA_122480,J
PBANKA_121440,M
PBANKA_030860,K
PBANKA_145330,K
PBANKA_143090,H
PBANKA_103240,M
PBANKA_133460,K
PBANKA_010470,D
PBANKA_140300,I
PBANKA_124600,J
PBANKA_083040,M
PBANKA_090530,M
PBANKA_102730,H
PBANKA_121000,M
PBANKA_121100,K
PBANKA_080950,M
PBANKA_122680,H
PBANKA_020270,D
PBANKA_100730,N
PBANKA_081970,D
PBANKA_082710,D
PBANKA_090780,L
PBANKA_144200,N
PBANKA_062030,M
PBANKA_112920,M
PBANKA_132210,F
PBANKA_081110,N
PBANKA_112460,I
PBANKA_080250,M
PBANKA_122960,I
PBANKA_030810,I
PBANKA_081280,I
PBANKA_091230,C
PBANKA_141460,C
PBANKA_030230,K
PBANKA_112100,H
PBANKA_051490,"pilot,A,B,C,D,E,F,G,H,I,J,K,L,M,N,O,P,Q,R,S,T,U,V"
PBANKA_071010,B
PBANKA_083190,N
PBANKA_133060,F
PBANKA_092660,A
PBANKA_134380,J
PBANKA_050330,L
PBANKA_081950,D
PBANKA_110630,I
PBANKA_136190,N
PBANKA_031180,C
PBANKA_083250,G
PBANKA_130190,D
PBANKA_111610,M
PBANKA_051780,I
PBANKA_124120,H
PBANKA_081600,A
PBANKA_101810,N
PBANKA_010580,H
PBANKA_070680,L
PBANKA_112020,J
PBANKA_091510,M
PBANKA_030210,M
PBANKA_113180,K
PBANKA_124200,D
PBANKA_031580,N
PBANKA_050370,M
PBANKA_082890,M
PBANKA_051050,I
PBANKA_081420,B
PBANKA_100360,C
PBANKA_041300,G
PBANKA_060300,G
PBANKA_124100,N
PBANKA_061670,D
PBANKA_135260,N
PBANKA_141910,A
PBANKA_101610,G
PBANKA_100790,M
PBANKA_124240,L
PBANKA_040280,D
PBANKA_120520,M
PBANKA_133660,M
PBANKA_112390,J
PBANKA_031480,M
PBANKA_061300,E
PBANKA_080890,N
PBANKA_091240,M
PBANKA_051390,L
PBANKA_143400,B
PBANKA_136440,L
PBANKA_101530,N
PBANKA_141360,M
PBANKA_120780,M
PBANKA_140400,G
PBANKA_143060,N
PBANKA_041690,A
PBANKA_040480,J
PBANKA_080630,L
PBANKA_132910,A
PBANKA_122410,L
PBANKA_020970,B
PBANKA_103980,H
PBANKA_130440,E
PBANKA_040460,A
PBANKA_135590,C
PBANKA_113550,H
PBANKA_031520,N
PBANKA_080590,D
PBANKA_060610,J
PBANKA_111470,N
PBANKA_100260,L
PBANKA_122090,I
PBANKA_100350,H
PBANKA_102620,J
PBANKA_083280,M
PBANKA_111330,D
PBANKA_081680,B
PBANKA_072090,M
PBANKA_132170,K
PBANKA_121060,L
PBANKA_071390,B
PBANKA_091150,L
PBANKA_121180,M
PBANKA_140660,G
PBANKA_103850,G
PBANKA_135790,M
PBANKA_131170,L
PBANKA_051270,L
PBANKA_121630,G
PBANKA_083300,K
PBANKA_120530,M
PBANKA_135820,M
PBANKA_136180,L
PBANKA_072070,M
PBANKA_082010,M
PBANKA_122230,D
PBANKA_110490,C
PBANKA_141110,pilot
PBANKA_101390,L
PBANKA_122030,C
PBANKA_110090,J
PBANKA_133720,M
PBANKA_140450,H
PBANKA_090420,G
PBANKA_123960,G
PBANKA_061920,L
PBANKA_143080,A
PBANKA_110980,N
PBANKA_021420,B
PBANKA_123150,C
PBANKA_145000,C
PBANKA_070690,G
PBANKA_135330,H
PBANKA_060240,N
PBANKA_141330,N
PBANKA_040670,A
PBANKA_010520,D
PBANKA_020510,D
PBANKA_110760,B
PBANKA_083210,M
PBANKA_070330,M
PBANKA_071470,B
PBANKA_146370,C
PBANKA_070200,M
PBANKA_113380,A
PBANKA_092110,C
PBANKA_110410,M
PBANKA_144720,L
PBANKA_031360,I
PBANKA_102410,D
PBANKA_113740,H
PBANKA_082230,A
PBANKA_121830,G
PBANKA_021230,B
PBANKA_091690,H
PBANKA_021200,M
PBANKA_071650,H
PBANKA_082790,I
PBANKA_111870,J
PBANKA_130340,M
PBANKA_061510,D
PBANKA_134720,K
PBANKA_123320,J
PBANKA_100690,J
PBANKA_140240,M
PBANKA_110330,M
PBANKA_112900,M
PBANKA_111620,G
PBANKA_122840,D
PBANKA_112530,N
PBANKA_051140,A
PBANKA_071510,N
PBANKA_031330,L
PBANKA_135920,N
PBANKA_040820,C
PBANKA_091260,N
PBANKA_142270,B
PBANKA_040940,D
PBANKA_124020,H
PBANKA_146100,J
PBANKA_021010,J
PBANKA_100710,J
PBANKA_103410,C
PBANKA_080050,K
PBANKA_121140,G
PBANKA_091250,M
PBANKA_122990,M
PBANKA_010940,E
PBANKA_102230,K
PBANKA_121370,C
PBANKA_130230,G
PBANKA_093100,M
PBANKA_083460,J
PBANKA_061540,"F,V"
PBANKA_111520,M
PBANKA_146350,N
PBANKA_132330,J
PBANKA_132940,N
PBANKA_031210,M
PBANKA_110320,G
PBANKA_093010,L
PBANKA_142310,A
PBANKA_102600,G
PBANKA_093470,G
PBANKA_110420,"pilot,A,B,C,D,E,F,G,H,I,J,K,L,M,N,O,P,Q,R,S,T,U,V"
PBANKA_143350,J
PBANKA_101330,N
PBANKA_040050,M
PBANKA_111080,D
PBANKA_041050,C
PBANKA_083110,C
PBANKA_121690,A
PBANKA_143860,B
PBANKA_092930,J
PBANKA_123490,A
PBANKA_082520,J
PBANKA_111380,N
PBANKA_091710,L
PBANKA_111340,N
PBANKA_141300,N
PBANKA_142530,B
PBANKA_133730,L
PBANKA_070810,J
PBANKA_145700,A
PBANKA_030100,M
PBANKA_121340,J
PBANKA_134600,B
PBANKA_010740,J
PBANKA_103780,"pilot,A,B,C,D,E,F,G,H,I,J,K,L,M,N,O,P,Q,R,S,T,U,V"
PBANKA_040470,J
PBANKA_030500,D
PBANKA_130480,G
PBANKA_135890,G
PBANKA_091870,B
PBANKA_021140,B
PBANKA_051970,G
PBANKA_071720,H
PBANKA_101410,I
PBANKA_143030,H
PBANKA_081760,A
PBANKA_050230,B
PBANKA_123340,M
PBANKA_040240,J
PBANKA_041380,G
PBANKA_070210,A
PBANKA_122100,B
PBANKA_041780,M
PBANKA_051300,J
PBANKA_122520,H
PBANKA_092160,N
PBANKA_135960,C
PBANKA_123380,L
PBANKA_080650,J
PBANKA_051360,C
PBANKA_080610,J
PBANKA_020420,C
PBANKA_040220,B
PBANKA_092970,A
PBANKA_121040,C
PBANKA_124660,G
PBANKA_102260,C
PBANKA_135970,A
PBANKA_102650,N
PBANKA_123240,J
PBANKA_142580,M
PBANKA_121800,B
PBANKA_011160,J
PBANKA_103440,"pilot,A,B,C,D,E,F,G,H,I,J,K,L,M,N,O,P,Q,R,S,T,U,V"
PBANKA_083680,J
PBANKA_050690,A
PBANKA_131910,M
PBANKA_143750,C
PBANKA_102390,E
PBANKA_051720,C
PBANKA_122750,G
PBANKA_092900,J
PBANKA_132360,J
PBANKA_093040,G
PBANKA_031190,K
PBANKA_123730,H
PBANKA_092180,C
PBANKA_040760,C
PBANKA_100550,H
PBANKA_041340,G
PBANKA_112620,A
PBANKA_110780,J
PBANKA_070130,J
PBANKA_020920,H
PBANKA_080550,E
PBANKA_103360,B
PBANKA_090950,C
PBANKA_082820,M
PBANKA_081120,A
PBANKA_060150,G
PBANKA_041190,H
PBANKA_082350,B
PBANKA_050570,C
PBANKA_110700,H
PBANKA_061600,G
PBANKA_030260,A
PBANKA_071830,A
PBANKA_030450,L
PBANKA_113950,B
PBANKA_103330,H
PBANKA_082170,K
PBANKA_110990,J
PBANKA_083330,E
PBANKA_071670,D
PBANKA_131070,A
PBANKA_093390,B
PBANKA_132220,J
PBANKA_124410,L
PBANKA_142160,M
PBANKA_040120,pilot
PBANKA_134350,L
PBANKA_092980,C
PBANKA_083170,A
PBANKA_030240,A
PBANKA_111060,H
PBANKA_093090,C
PBANKA_123880,N
PBANKA_121970,E
PBANKA_111630,E
PBANKA_071550,"E,V"
PBANKA_010620,G
PBANKA_123740,B
PBANKA_030960,I
PBANKA_041010,B
PBANKA_090370,E
PBANKA_144280,G
PBANKA_102020,A
PBANKA_051560,H
PBANKA_144400,A
PBANKA_093980,G
PBANKA_051520,B
PBANKA_102630,G
PBANKA_142210,H
PBANKA_082800,D
PBANKA_112490,F
PBANKA_103830,pilot
PBANKA_080060,G
PBANKA_011010,N
PBANKA_080640,G
PBANKA_113240,E
PBANKA_142370,E
PBANKA_140170,A
PBANKA_102970,B
PBANKA_121240,A
PBANKA_051880,J
PBANKA_123830,E
PBANKA_071350,G
PBANKA_093350,pilot
PBANKA_082750,B
PBANKA_131630,F
PBANKA_101080,B
PBANKA_136210,E
PBANKA_041590,H
PBANKA_145910,M
PBANKA_031260,E
PBANKA_144040,N
PBANKA_114430,I
PBANKA_112010,H
PBANKA_082040,C
PBANKA_114130,A
PBANKA_142720,"E,Q"
PBANKA_124380,E
PBANKA_123560,D
PBANKA_061610,A
PBANKA_111210,I
PBANKA_114320,G
PBANKA_142750,A
PBANKA_122560,E
PBANKA_131750,K
PBANKA_130280,pilot
PBANKA_136040,E
PBANKA_071220,J
PBANKA_051830,G
PBANKA_144070,I
PBANKA_123280,E
PBANKA_124440,E
PBANKA_082130,G
PBANKA_060440,E
PBANKA_010630,I
PBANKA_145070,F
PBANKA_051950,E
PBANKA_070410,D
PBANKA_061880,C
PBANKA_031590,E
PBANKA_030170,F
PBANKA_090200,E
PBANKA_021330,E
PBANKA_083310,pilot
PBANKA_051900,H
PBANKA_060380,E
PBANKA_093370,pilot
PBANKA_135620,B
PBANKA_140480,C
PBANKA_071560,F
PBANKA_040230,F
PBANKA_061140,J
PBANKA_101680,I
PBANKA_051660,E
PBANKA_112140,E
PBANKA_030340,E
PBANKA_031500,pilot
PBANKA_130690,I
PBANKA_041320,I
PBANKA_061190,E
PBANKA_040410,E
PBANKA_040750,C
PBANKA_135860,F
PBANKA_143870,A
PBANKA_122650,F
PBANKA_141850,E
PBANKA_051630,D
PBANKA_080940,H
PBANKA_070270,pilot
PBANKA_146340,N
PBANKA_093210,E
PBANKA_061590,pilot
PBANKA_090600,E
PBANKA_101400,F
PBANKA_143190,E
PBANKA_010720,E
PBANKA_134020,F
PBANKA_134040,J
PBANKA_081240,pilot
PBANKA_113340,pilot
PBANKA_071760,F
PBANKA_071330,E
PBANKA_140860,E
PBANKA_093260,E
PBANKA_113720,N
PBANKA_020790,L
PBANKA_061230,I
PBANKA_110840,F
PBANKA_080300,N
PBANKA_140160,"pilot,A,B,C,D,E,F,G,H,I,J,K,L,M,N,O,P,Q,R,S,T,U,V"
PBANKA_030840,F
PBANKA_090390,N
PBANKA_110100,E
PBANKA_144980,C
PBANKA_110430,J
PBANKA_091660,B
PBANKA_133810,E
PBANKA_136320,I
PBANKA_081070,E
PBANKA_136150,G
PBANKA_020650,I
PBANKA_143690,L
PBANKA_143610,F
PBANKA_010730,F
PBANKA_061680,L
PBANKA_121080,F
PBANKA_010550,F
PBANKA_070990,H
PBANKA_121230,F
PBANKA_080220,L
PBANKA_101750,D
PBANKA_112280,"C,X"
PBANKA_111510,D
PBANKA_094160,F
PBANKA_090430,F
PBANKA_051980,pilot
PBANKA_111180,C
PBANKA_142600,D
PBANKA_051440,E
PBANKA_130620,C
PBANKA_114120,
PBANKA_112750,
PBANKA_090160,
PBANKA_113540,
PBANKA_102590,
PBANKA_145440,
PBANKA_030270,
PBANKA_040920,
PBANKA_082410,
PBANKA_081490,
PBANKA_146030,
PBANKA_010610,
PBANKA_020640,
PBANKA_142670,
PBANKA_030080,
PBANKA_110280,
PBANKA_131460,
PBANKA_142990,
PBANKA_093140,
PBANKA_144630,
PBANKA_135470,
PBANKA_082330,
PBANKA_141980,
PBANKA_092780,
PBANKA_141310,
PBANKA_111490,
PBANKA_143950,
PBANKA_110940,
PBANKA_070250,
PBANKA_130890,
PBANKA_081530,
PBANKA_052290,
PBANKA_100980,
PBANKA_110920,
PBANKA_091550,
PBANKA_144260,
PBANKA_142850,
PBANKA_143170,
PBANKA_141510,
PBANKA_121620,
PBANKA_136200,
PBANKA_080320,
PBANKA_112360,
PBANKA_060930,
PBANKA_050700,
PBANKA_094290,
PBANKA_135070,
PBANKA_083610,
PBANKA_121190,
PBANKA_121730,
PBANKA_132560,
PBANKA_134000,
PBANKA_131960,
PBANKA_071080,
PBANKA_081860,
PBANKA_091980,
PBANKA_111420,
PBANKA_102280,
PBANKA_020310,
PBANKA_112650,
PBANKA_103230,
PBANKA_124460,
PBANKA_020380,
PBANKA_040180,
PBANKA_052000,
PBANKA_081210,
PBANKA_112850,
PBANKA_103260,
PBANKA_030430,
PBANKA_134660,
PBANKA_092380,
PBANKA_112170,
PBANKA_135770,
PBANKA_100880,
PBANKA_070290,
PBANKA_051410,
PBANKA_142960,
PBANKA_130360,
PBANKA_140670,
PBANKA_081640,
PBANKA_133280,
PBANKA_021020,
PBANKA_094270,
PBANKA_103660,
PBANKA_091270,
PBANKA_080930,
PBANKA_114360,
PBANKA_130760,
PBANKA_131840,
PBANKA_082870,
PBANKA_092230,
PBANKA_061160,
PBANKA_112290,
PBANKA_112350,
PBANKA_143420,
PBANKA_091930,
PBANKA_120720,
PBANKA_101380,
PBANKA_051690,
PBANKA_092490,
PBANKA_010910,
PBANKA_021130,
PBANKA_111300,
PBANKA_082340,
PBANKA_130380,
PBANKA_112560,
PBANKA_092810,
PBANKA_130860,
PBANKA_121430,
PBANKA_112700,
PBANKA_134010,
PBANKA_132640,
PBANKA_114240,D
PBANKA_061360,E
PBANKA_091030,L
PBANKA_092370,L
PBANKA_113670,
PBANKA_123230,
PBANKA_090850,
PBANKA_134300,"A,U"
PBANKA_090660,O
PBANKA_050740,O
PBANKA_050930,O
PBANKA_130990,P
PBANKA_052020,P
PBANKA_135660,V
PBANKA_144000,W
PBANKA_061430,W
PBANKA_082970,W
PBANKA_010210,X
PBANKA_062180,X
PBANKA_020230,
PBANKA_130410,
PBANKA_081900,
PBANKA_135520,
PBANKA_050810,
PBANKA_094390,
PBANKA_000330,
PBANKA_090040,
PBANKA_104020,
PBANKA_103520,
PBANKA_080010,
PBANKA_100010,
PBANKA_020010,
PBANKA_030610,
PBANKA_090030,
PBANKA_040430,
PBANKA_110070,
PBANKA_141250,
PBANKA_144360,
PBANKA_121410,
PBANKA_080070,
PBANKA_144290,
PBANKA_114490,
PBANKA_123190,
PBANKA_103020,
PBANKA_061870,
PBANKA_020850,
PBANKA_060540,
PBANKA_122370,
PBANKA_103280,
PBANKA_090970,
PBANKA_031300,
PBANKA_123800,
PBANKA_130110,
PBANKA_093310,
PBANKA_122260,
PBANKA_011130,
PBANKA_140820,
PBANKA_021180,
PBANKA_123060,
PBANKA_113430,
PBANKA_070260,
PBANKA_120810,
PBANKA_051610,
PBANKA_142250,
PBANKA_093280,
PBANKA_080180,
PBANKA_110810,
PBANKA_145960,
PBANKA_120950,
PBANKA_140840,
PBANKA_093540,
PBANKA_130610,
PBANKA_141090,
PBANKA_144470,
PBANKA_080110,
PBANKA_131400,
PBANKA_142780,
PBANKA_110950,
PBANKA_110470,
PBANKA_091490,
PBANKA_061260,
PBANKA_124480,
PBANKA_060100,
PBANKA_090920,
PBANKA_103910,
PBANKA_120970,
PBANKA_020680,
PBANKA_140140,
PBANKA_144210,
PBANKA_132650,
PBANKA_135080,
PBANKA_113850,
PBANKA_051670,
PBANKA_072150,
PBANKA_143670,
PBANKA_040090,
PBANKA_021070,
PBANKA_091780,
PBANKA_122400,
PBANKA_082540,
PBANKA_144740,
PBANKA_070650,
PBANKA_111900,
PBANKA_130430,
PBANKA_111250,
PBANKA_083410,
PBANKA_100290,
PBANKA_130390,
PBANKA_143990,
PBANKA_142570,
PBANKA_060890,
PBANKA_071340,
PBANKA_132230,
PBANKA_091760,
PBANKA_080750,
PBANKA_145170,
PBANKA_120310,
PBANKA_114260,
PBANKA_021220,
PBANKA_092510,
PBANKA_081410,
PBANKA_121880,
PBANKA_136110,
PBANKA_134790,
PBANKA_134400,
PBANKA_070760,
PBANKA_080520,
PBANKA_114440,
PBANKA_082220,
PBANKA_142020,
PBANKA_130200,
PBANKA_051230,
PBANKA_040640,
PBANKA_061350,
PBANKA_061530,
PBANKA_081800,
PBANKA_040210,
PBANKA_083600,
PBANKA_111290,
PBANKA_113650,
PBANKA_021110,
PBANKA_050310,
PBANKA_122180,
PBANKA_050280,
PBANKA_110400,
PBANKA_144330,
PBANKA_130740,
PBANKA_111820,
PBANKA_112910,
PBANKA_121290,
PBANKA_100840,
PBANKA_091480,
PBANKA_080330,
PBANKA_102990,
PBANKA_110360,
PBANKA_131450,
PBANKA_081870,
PBANKA_102100,
PBANKA_090630,
PBANKA_021190,
PBANKA_144060,
PBANKA_111450,
PBANKA_101110,
PBANKA_132750,
PBANKA_093410,
PBANKA_132870,
PBANKA_092100,
PBANKA_132280,
PBANKA_130420,
PBANKA_070640,
PBANKA_070310,
PBANKA_121990,
PBANKA_040350,
PBANKA_102780,
PBANKA_142380,
PBANKA_134180,
PBANKA_031310,
PBANKA_122470,
PBANKA_040360,
PBANKA_061460,
PBANKA_112790,
PBANKA_122390,
PBANKA_144610,
PBANKA_103130,
PBANKA_093710,
PBANKA_130910,
PBANKA_123550,
PBANKA_111590,
PBANKA_071070,
PBANKA_080370,
PBANKA_140690,
PBANKA_134490,
PBANKA_061440,
PBANKA_094210,
PBANKA_121510,
PBANKA_124450,
PBANKA_141800,
PBANKA_120930,
PBANKA_100650,
PBANKA_110200,
PBANKA_112260,
PBANKA_020530,
PBANKA_061580,
PBANKA_103380,
PBANKA_070460,
PBANKA_141240,
PBANKA_091940,
PBANKA_124300,
PBANKA_041730,
PBANKA_061560,
PBANKA_100600,
PBANKA_113840,
PBANKA_133290,
PBANKA_080160,
PBANKA_143880,
PBANKA_145060,
PBANKA_021120,
PBANKA_103770,
PBANKA_081090,
PBANKA_144310,
PBANKA_021160,
PBANKA_091970,
PBANKA_122760,
PBANKA_101140,
PBANKA_145050,
PBANKA_123270,
PBANKA_136480,
PBANKA_113270,
PBANKA_010780,
PBANKA_093740,
PBANKA_092470,
PBANKA_092860,
PBANKA_133630,
PBANKA_112930,
PBANKA_134570,
PBANKA_091190,
PBANKA_092730,
PBANKA_133400,
PBANKA_112450,
PBANKA_040790,
PBANKA_082110,
PBANKA_110730,
PBANKA_111730,
PBANKA_051510,
PBANKA_140390,
PBANKA_132860,
PBANKA_093530,
PBANKA_010690,
PBANKA_120620,
PBANKA_122440,
PBANKA_113930,
PBANKA_052100,
PBANKA_110290,
PBANKA_060660,
PBANKA_092450,
PBANKA_080270,
PBANKA_145430,
PBANKA_060970,
PBANKA_135690,
PBANKA_082360,
PBANKA_051680,
PBANKA_101430,
PBANKA_050540,
PBANKA_112420,
PBANKA_135110,
PBANKA_041530,
PBANKA_100430,
PBANKA_050400,
PBANKA_145600,
PBANKA_080830,
PBANKA_136330,
PBANKA_141620,
PBANKA_040740,
PBANKA_135350,
PBANKA_140460,
PBANKA_051040,
PBANKA_060080,
PBANKA_135160,
PBANKA_144890,
PBANKA_112610,
PBANKA_041140,
PBANKA_113780,
PBANKA_130460,
PBANKA_136540,
PBANKA_030540,
PBANKA_101340,
PBANKA_091460,
PBANKA_114200,
PBANKA_120250,
PBANKA_020720,
PBANKA_010670,
PBANKA_080500,
PBANKA_131930,
PBANKA_143480,
PBANKA_030920,
PBANKA_123290,
PBANKA_091220,
PBANKA_140560,
PBANKA_020250,
PBANKA_114030,
PBANKA_103110,
PBANKA_102190,
PBANKA_081470,
PBANKA_143290,
PBANKA_143560,
PBANKA_030110,
PBANKA_040710,
PBANKA_031160,
PBANKA_133740,
PBANKA_081510,
PBANKA_093550,
PBANKA_094280,
PBANKA_144850,
PBANKA_100830,
PBANKA_144760,
PBANKA_031250,
PBANKA_113560,
PBANKA_113660,
PBANKA_101570,
PBANKA_093020,
PBANKA_113010,
PBANKA_102980,
PBANKA_144190,
PBANKA_094350,
PBANKA_040160,
PBANKA_083630,
PBANKA_031140,
PBANKA_010260,
PBANKA_100810,
PBANKA_121540,
PBANKA_061000,
PBANKA_140970,
PBANKA_070560,
PBANKA_113400,
PBANKA_103050,
PBANKA_060340,
PBANKA_133260,
PBANKA_122150,
PBANKA_121050,
PBANKA_123005,
PBANKA_041420,
PBANKA_100100,
PBANKA_143380,
PBANKA_135240,
PBANKA_080880,
PBANKA_020340,
PBANKA_112520,
PBANKA_101450,
PBANKA_112210,
PBANKA_060350,
PBANKA_061310,
PBANKA_010130,
PBANKA_124000,
PBANKA_144770,
PBANKA_020620,
PBANKA_071500,
PBANKA_124360,
PBANKA_145420,
PBANKA_130680,
PBANKA_136230,
PBANKA_135150,
PBANKA_101490,
PBANKA_141350,
PBANKA_041390,
PBANKA_011210,
PBANKA_133030,
PBANKA_110510,
PBANKA_051130,
PBANKA_113200,
PBANKA_080960,
PBANKA_030070,
PBANKA_123970,
PBANKA_103560,
PBANKA_090930,
PBANKA_142090,
PBANKA_140350,
PBANKA_145860,
PBANKA_143100,
PBANKA_051450,
PBANKA_102380,
PBANKA_131920,
PBANKA_102060,
PBANKA_142240,
PBANKA_101780,
PBANKA_100920,
PBANKA_091320,
PBANKA_141610,
PBANKA_110970,
PBANKA_030940,
PBANKA_101560,
PBANKA_041430,
PBANKA_091380,
PBANKA_135810,
PBANKA_122010,
PBANKA_100890,
PBANKA_083560,
PBANKA_145400,
PBANKA_142000,
PBANKA_122140,
PBANKA_130710,
PBANKA_140570,
PBANKA_111910,
PBANKA_122620,
PBANKA_122850,
PBANKA_103120,
PBANKA_101030,
PBANKA_110770,
PBANKA_103340,
PBANKA_061340,
PBANKA_133220,
PBANKA_132130,
PBANKA_010480,
PBANKA_041330,
PBANKA_140220,
PBANKA_143680,
PBANKA_145640,
PBANKA_113970,
PBANKA_090380,
PBANKA_142190,
PBANKA_010120,
PBANKA_083490,
PBANKA_140250,
PBANKA_130090,
PBANKA_092850,
PBANKA_111640,
PBANKA_050410,
PBANKA_130900,
PBANKA_071740,
PBANKA_131830,
PBANKA_140320,
PBANKA_124340,
PBANKA_124270,
PBANKA_082180,
PBANKA_102550,
PBANKA_052050,
PBANKA_140370,
PBANKA_146360,
PBANKA_052200,
PBANKA_131520,
PBANKA_145010,
PBANKA_133880,
PBANKA_110520,
PBANKA_040370,
PBANKA_102120,
PBANKA_143470,
PBANKA_145730,
PBANKA_144520,
PBANKA_135090,
PBANKA_110710,
PBANKA_091180,
PBANKA_081190,
PBANKA_061060,
PBANKA_144530,
PBANKA_103100,
PBANKA_145160,
PBANKA_124370,
PBANKA_093330,
PBANKA_101150,
PBANKA_062050,
PBANKA_101500,
PBANKA_140530,
PBANKA_134360,
PBANKA_142630,
PBANKA_111310,
PBANKA_113690,
PBANKA_041080,
PBANKA_140810,
PBANKA_103580,
PBANKA_030670,
PBANKA_121130,
PBANKA_140580,
PBANKA_082620,
PBANKA_031030,
PBANKA_122740,
PBANKA_041800,
PBANKA_111460,
PBANKA_090450,
PBANKA_134820,
PBANKA_070230,
PBANKA_141180,
PBANKA_146280,
PBANKA_123460,
PBANKA_146320,
PBANKA_060840,
PBANKA_041790,
PBANKA_040690,
PBANKA_121210,
PBANKA_070510,
PBANKA_121950,
PBANKA_144800,
PBANKA_052140,
PBANKA_010540,
PBANKA_112410,
PBANKA_103000,
PBANKA_040960,
PBANKA_141070,
PBANKA_110720,
PBANKA_140210,
PBANKA_081170,
PBANKA_144340,
PBANKA_092040,
PBANKA_100110,
PBANKA_140510,
PBANKA_114300,
PBANKA_145970,
PBANKA_090110,
PBANKA_135910,
PBANKA_091160,
PBANKA_010560,
PBANKA_121200,
PBANKA_134160,
PBANKA_010640,
PBANKA_060600,
PBANKA_130240,
PBANKA_112640,
PBANKA_145750,
PBANKA_111190,
PBANKA_030570,
PBANKA_110500,
PBANKA_041620,
PBANKA_131310,
PBANKA_101580,
PBANKA_124210,
PBANKA_093160,
PBANKA_092710,
PBANKA_061100,
PBANKA_092720,
PBANKA_133760,
PBANKA_103530,
PBANKA_060780,
PBANKA_120410,
PBANKA_071480,
PBANKA_144250,
PBANKA_102400,
PBANKA_131110,
PBANKA_070450,
PBANKA_080920,
PBANKA_080800,
PBANKA_142080,
PBANKA_131620,
PBANKA_090760,
PBANKA_144940,
PBANKA_141380,
PBANKA_090960,
PBANKA_091170,
PBANKA_140780,
PBANKA_132760,
PBANKA_100780,
PBANKA_140120,
PBANKA_132040,
PBANKA_133870,
PBANKA_110350,
PBANKA_141530,
PBANKA_021100,
PBANKA_101290,
PBANKA_131100,
PBANKA_113820,
PBANKA_124250,
PBANKA_040680,
PBANKA_020780,
PBANKA_144320,
PBANKA_121660,
PBANKA_121940,
PBANKA_132270,
PBANKA_093650,
PBANKA_140830,
PBANKA_132740,
PBANKA_142970,
PBANKA_020750,
PBANKA_092880,
PBANKA_052310,
PBANKA_060520,
PBANKA_010790,
PBANKA_061970,
PBANKA_135400,
PBANKA_090690,
PBANKA_060200,
PBANKA_114560,
PBANKA_061150,
PBANKA_140610,
PBANKA_144010,
PBANKA_010200,
PBANKA_111320,
PBANKA_130490,
PBANKA_080480,
PBANKA_130920,
PBANKA_143360,
PBANKA_121280,
PBANKA_092520,
PBANKA_103320,
PBANKA_121790,
PBANKA_111390,
PBANKA_140990,
PBANKA_110740,
PBANKA_051260,
PBANKA_070950,
PBANKA_111570,
PBANKA_101370,
PBANKA_093640,
PBANKA_136260,
PBANKA_114410,
PBANKA_051420,
PBANKA_123720,
PBANKA_140800,
PBANKA_080700,
PBANKA_020810,
PBANKA_114250,
PBANKA_020700,
PBANKA_136270,
PBANKA_081200,
PBANKA_094090,
PBANKA_021040,
PBANKA_131230,
PBANKA_040150,
PBANKA_092360,
PBANKA_102880,
PBANKA_093430,
PBANKA_083060,
PBANKA_082690,
PBANKA_050950,
PBANKA_131350,
PBANKA_102220,
PBANKA_020660,
PBANKA_131250,
PBANKA_041630,
PBANKA_132810,
PBANKA_140470,
PBANKA_100940,
PBANKA_145830,
PBANKA_134240,
PBANKA_134950,
PBANKA_133380,
PBANKA_103810,
PBANKA_071320,
PBANKA_130780,
PBANKA_140550,
PBANKA_100490,
PBANKA_113160,
PBANKA_093700,
PBANKA_103200,
PBANKA_122810,
PBANKA_123330,
PBANKA_124390,
PBANKA_123220,
PBANKA_093830,
PBANKA_141540,
PBANKA_100310,
PBANKA_133530,
PBANKA_102430,
PBANKA_082920,
PBANKA_050260,
PBANKA_100270,
PBANKA_143700,
PBANKA_041360,
PBANKA_081850,
PBANKA_135840,
PBANKA_113640,
PBANKA_030630,
PBANKA_144300,
PBANKA_092290,
PBANKA_110900,
PBANKA_082860,
PBANKA_141040,
PBANKA_121030,
PBANKA_134560,
PBANKA_120280,
PBANKA_040490,
PBANKA_081390,
PBANKA_101350,
PBANKA_091120,
PBANKA_071420,
PBANKA_133990,
PBANKA_112250,
PBANKA_143110,
PBANKA_143330,
PBANKA_142050,
PBANKA_061500,
PBANKA_081730,
PBANKA_140260,
PBANKA_101590,
PBANKA_144650,
PBANKA_020690,
PBANKA_143530,
PBANKA_130260,
PBANKA_080230,
PBANKA_100140,
PBANKA_050520,
PBANKA_094320,
PBANKA_141580,
PBANKA_060170,
PBANKA_135830,
PBANKA_135610,
PBANKA_040600,
PBANKA_134830,
PBANKA_091530,
PBANKA_092560,
PBANKA_132690,
PBANKA_122160,
PBANKA_140910,
PBANKA_142110,
PBANKA_103550,
PBANKA_081130,
PBANKA_123980,
PBANKA_071730,
PBANKA_110380,
PBANKA_145280,
PBANKA_143280,
PBANKA_135880,
PBANKA_142650,
PBANKA_050610,
PBANKA_120090,
PBANKA_132680,
PBANKA_133270,
PBANKA_093860,
PBANKA_120840,
PBANKA_020590,
PBANKA_070800,
PBANKA_141660,
PBANKA_134620,
PBANKA_062280,
PBANKA_071310,
PBANKA_103400,
PBANKA_134990,
PBANKA_100190,
PBANKA_135630,
PBANKA_071180,
PBANKA_094080,
PBANKA_050220,
PBANKA_143250,
PBANKA_021360,
PBANKA_093990,
PBANKA_131050,
PBANKA_141970,
PBANKA_141340,
PBANKA_070150,
PBANKA_040810,
PBANKA_102040,
PBANKA_133200,
PBANKA_131900,
PBANKA_141790,
PBANKA_122360,
PBANKA_080620,
PBANKA_052270,
PBANKA_146160,
PBANKA_071280,
PBANKA_021290,
PBANKA_061390,
PBANKA_144150,
PBANKA_144370,
PBANKA_141840,
PBANKA_124580,
PBANKA_091900,
PBANKA_131060,
PBANKA_123390,
PBANKA_120610,
PBANKA_010400,
PBANKA_061380,
PBANKA_080560,
PBANKA_123510,
PBANKA_130220,
PBANKA_100680,
PBANKA_135720,
PBANKA_030950,
PBANKA_140340,
PBANKA_091400,
PBANKA_142030,
PBANKA_144680,
PBANKA_061180,
PBANKA_060570,
PBANKA_131440,
PBANKA_140490,
PBANKA_100440,
PBANKA_062110,
PBANKA_144780,
PBANKA_070840,
PBANKA_061750,
PBANKA_091790,
PBANKA_140540,
PBANKA_100170,
PBANKA_070320,
PBANKA_031100,
PBANKA_132970,
PBANKA_060530,
PBANKA_112970,
PBANKA_142620,
PBANKA_100700,
PBANKA_030380,
PBANKA_082630,
PBANKA_135410,
PBANKA_092950,
PBANKA_134780,
PBANKA_145520,
PBANKA_070600,
PBANKA_121840,
PBANKA_122350,
PBANKA_010700,
PBANKA_031110,
PBANKA_121300,
PBANKA_135180,
PBANKA_101020,
PBANKA_083530,
PBANKA_081230,
PBANKA_142420,
PBANKA_122570,
PBANKA_110830,
PBANKA_021300,
PBANKA_081140,
PBANKA_093130,
PBANKA_093960,
PBANKA_130140,
PBANKA_133710,
PBANKA_114420,
PBANKA_143070,
PBANKA_133700,
PBANKA_081060,
PBANKA_060680,
PBANKA_040650,
PBANKA_135060,
PBANKA_040510,
PBANKA_141560,
PBANKA_142340,
PBANKA_050840,
PBANKA_121420,
PBANKA_145990,
PBANKA_122780,
PBANKA_071200,
PBANKA_134700,
PBANKA_102520,
PBANKA_061410,
PBANKA_093200,
PBANKA_141730,
PBANKA_121780,
PBANKA_100670,
PBANKA_123950,
PBANKA_050130,
PBANKA_134150,
PBANKA_120150,
PBANKA_092280,
PBANKA_093300,
PBANKA_144580,
PBANKA_121310,
PBANKA_092250,
PBANKA_060110,
PBANKA_143200,
PBANKA_111350,
PBANKA_091880,
PBANKA_123750,
PBANKA_080310,
PBANKA_041000,
PBANKA_101280,
PBANKA_031120,
PBANKA_010090,
PBANKA_081920,
PBANKA_093910,
PBANKA_051150,
PBANKA_051400,
PBANKA_135040,
PBANKA_113700,
PBANKA_094250,
PBANKA_070730,
PBANKA_102450,
PBANKA_140950,
PBANKA_144410,
PBANKA_030150,
PBANKA_100370,
PBANKA_082000,
PBANKA_134530,
PBANKA_080820,
PBANKA_132840,
PBANKA_060770,
PBANKA_030530,
PBANKA_134430,
PBANKA_130940,
PBANKA_082700,
PBANKA_101040,
PBANKA_090170,
PBANKA_030200,
PBANKA_103950,
PBANKA_051120,
PBANKA_060910,
PBANKA_134540,
PBANKA_134680,
PBANKA_130370,
PBANKA_122310,
PBANKA_123310,
PBANKA_143040,
PBANKA_060480,
PBANKA_141010,
PBANKA_081610,
PBANKA_020460,
PBANKA_102010,
PBANKA_134840,
PBANKA_031410,
PBANKA_051750,
PBANKA_093120,
PBANKA_093780,
PBANKA_041570,
PBANKA_103470,
PBANKA_052170,
PBANKA_113770,
PBANKA_132070,
PBANKA_141130,
PBANKA_142510,
PBANKA_011120,
PBANKA_100480,
PBANKA_021150,
PBANKA_021350,
PBANKA_040520,
PBANKA_121820,
PBANKA_083520,
PBANKA_111860,
PBANKA_113020,
PBANKA_061450,
PBANKA_072080,
PBANKA_113090,
PBANKA_100380,
PBANKA_060710,
PBANKA_143310,
PBANKA_130600,
PBANKA_133840,
PBANKA_132630,
PBANKA_133140,
PBANKA_131810,
PBANKA_114280,
PBANKA_093000,
PBANKA_121400,
PBANKA_110860,
PBANKA_080450,
PBANKA_144540,
PBANKA_141030,
PBANKA_040190,
PBANKA_113100,
PBANKA_021240,
PBANKA_090410,
PBANKA_110300,
PBANKA_121070,
PBANKA_132800,
PBANKA_092960,
PBANKA_040390,
PBANKA_030680,
PBANKA_133410,
PBANKA_121920,
PBANKA_120980,
PBANKA_103970,
PBANKA_123250,
PBANKA_030690,
PBANKA_124180,
PBANKA_041820,
PBANKA_041600,
PBANKA_082650,
PBANKA_121020,
PBANKA_145500,
PBANKA_091210,
PBANKA_040440,
PBANKA_050710,
PBANKA_040530,
PBANKA_124060,
PBANKA_123690,
PBANKA_103510,
PBANKA_061930,
PBANKA_131040,
PBANKA_130720,
PBANKA_113410,
PBANKA_134450,
PBANKA_113800,
PBANKA_111530,
PBANKA_061030,
PBANKA_103540,
PBANKA_020630,
PBANKA_101770,
PBANKA_030560,
PBANKA_103310,
PBANKA_114060,
PBANKA_135900,
PBANKA_131820,
PBANKA_050510,
PBANKA_094110,
PBANKA_081780,
PBANKA_011030,
PBANKA_143730,
PBANKA_020890,
PBANKA_060430,
PBANKA_040420,
PBANKA_124190,
PBANKA_141000,
PBANKA_060270,
PBANKA_112150,
PBANKA_051290,
PBANKA_050270,
PBANKA_135570,
PBANKA_110540,
PBANKA_100850,
PBANKA_070900,
PBANKA_082880,
PBANKA_133890,
PBANKA_111680,
PBANKA_081400,
PBANKA_135190,
PBANKA_120690,
PBANKA_135200,
PBANKA_061400,
PBANKA_050180,
PBANKA_061860,
PBANKA_062020,
PBANKA_135580,
PBANKA_072040,
PBANKA_110310,
PBANKA_103800,
PBANKA_070280,
PBANKA_132880,
PBANKA_123400,
PBANKA_010880,
PBANKA_101850,
PBANKA_060280,
PBANKA_140060,
PBANKA_133830,
PBANKA_130510,
PBANKA_093030,
PBANKA_070910,
PBANKA_083100,
PBANKA_071260,
PBANKA_071780,
PBANKA_135510,
PBANKA_051090,
PBANKA_123180,
PBANKA_140130,
PBANKA_052090,
PBANKA_090640,
PBANKA_133430,
PBANKA_101310,
PBANKA_142360,
PBANKA_093770,
PBANKA_080400,
PBANKA_145930,
PBANKA_050360,
PBANKA_090500,
PBANKA_143920,
PBANKA_113510,
PBANKA_134670,
PBANKA_131080,
PBANKA_136420,
PBANKA_142060,
PBANKA_140680,
PBANKA_061910,
PBANKA_040540,
PBANKA_103390,
PBANKA_061720,
PBANKA_121760,
PBANKA_120240,
PBANKA_123420,
PBANKA_041750,
PBANKA_135440,
PBANKA_123100,
PBANKA_040770,
PBANKA_094360,
PBANKA_103940,
PBANKA_110340,
PBANKA_145690,
PBANKA_031560,
PBANKA_094190,
PBANKA_071190,
PBANKA_094180,
PBANKA_061730,
PBANKA_113490,
PBANKA_030460,
PBANKA_130400,
PBANKA_050320,
PBANKA_122250,
PBANKA_114150,
PBANKA_051930,
PBANKA_021060,
PBANKA_146110,
PBANKA_020160,
PBANKA_092540,
PBANKA_091950,
PBANKA_145880,
PBANKA_141200,
PBANKA_114530,
PBANKA_120750,
PBANKA_124080,
PBANKA_130180,
PBANKA_060940,
PBANKA_093720,
PBANKA_111810,
PBANKA_132700,
PBANKA_050970,
PBANKA_031540,D
PBANKA_020830,D
PBANKA_093250,F
PBANKA_140310,F
PBANKA_135740,F
PBANKA_120160,F
PBANKA_103620,F
PBANKA_041030,F
PBANKA_040290,F
PBANKA_010710,H
PBANKA_083020,I
PBANKA_132470,I
PBANKA_052010,I
PBANKA_060690,I
PBANKA_144160,I
PBANKA_131670,I
PBANKA_092700,I
PBANKA_114470,I
PBANKA_122200,I
PBANKA_132420,I
PBANKA_080130,I
PBANKA_100720,I
PBANKA_101160,I
PBANKA_071700,I
PBANKA_010660,I
PBANKA_040910,I
PBANKA_082780,I
PBANKA_010950,I
PBANKA_136030,I
PBANKA_130530,I
PBANKA_010190,I
PBANKA_122820,J
PBANKA_145510,L
PBANKA_070610,L
PBANKA_131980,L
PBANKA_134340,L
PBANKA_113880,L
PBANKA_050590,L
PBANKA_134050,L
PBANKA_092940,L
PBANKA_121710,L
PBANKA_061040,L
PBANKA_143780,L
PBANKA_103210,L
PBANKA_134910,L
PBANKA_031470,N
PBANKA_030360,N
PBANKA_131540,N
PBANKA_092150,N
PBANKA_120220,N
PBANKA_122500,N
PBANKA_062270,N
PBANKA_072060,N
PBANKA_120390,N
PBANKA_122980,pilot
PBANKA_133470,
PBANKA_131950,
PBANKA_103150,
PBANKA_144960,
PBANKA_040620,
PBANKA_050730,
PBANKA_140010,
PBANKA_146550,
PBANKA_090050,
PBANKA_133560,
PBANKA_103040,
PBANKA_091990,
PBANKA_021550,
PBANKA_050100,
PBANKA_031660,
PBANKA_103870,
PBANKA_050790,
PBANKA_080430,
PBANKA_143150,
PBANKA_141770,
PBANKA_120740,
PBANKA_143140,
PBANKA_133490,
PBANKA_090240,
PBANKA_113280,
PBANKA_070710,
PBANKA_091360,
PBANKA_083655,
PBANKA_131530,
PBANKA_130050,
PBANKA_120290,
PBANKA_091650,
PBANKA_060860,
PBANKA_081180,
PBANKA_146300,
PBANKA_121260,
PBANKA_101900,
PBANKA_144480,
PBANKA_103820,
PBANKA_113230,
PBANKA_110150,
PBANKA_140430,
PBANKA_090250,
PBANKA_094230,
PBANKA_122550,
PBANKA_113890,
PBANKA_132890,
PBANKA_130960,
PBANKA_093080,
PBANKA_131200,
PBANKA_111500,
PBANKA_071250,
PBANKA_140040,
PBANKA_132380,
PBANKA_090270,
PBANKA_031320,
PBANKA_130310,
PBANKA_082960,
PBANKA_070350,
PBANKA_110690,
PBANKA_041710,
PBANKA_051060,
PBANKA_051760,
PBANKA_110960,
PBANKA_113980,
PBANKA_101830,
PBANKA_092770,
PBANKA_090840,
PBANKA_010240,
PBANKA_112710,
PBANKA_120800,
PBANKA_010430,
PBANKA_124490,
PBANKA_143630,
PBANKA_121320,
PBANKA_112470,
PBANKA_051350,
PBANKA_081840,
PBANKA_101700,
PBANKA_082740,
PBANKA_145770,
PBANKA_132610,
PBANKA_010510,
PBANKA_130980,
PBANKA_070490,
PBANKA_123200,
PBANKA_041065,
PBANKA_111270,
PBANKA_102030,
PBANKA_142150,
PBANKA_113590,
PBANKA_090710,
PBANKA_100960,
PBANKA_052210,
PBANKA_133650,
PBANKA_010010,
PBANKA_132900,
PBANKA_143440,
PBANKA_140500,
PBANKA_130790,
PBANKA_060620,
PBANKA_143540,
PBANKA_080720,
PBANKA_130670,
PBANKA_092020,
PBANKA_101935,
PBANKA_134230,
PBANKA_050440,
PBANKA_060120,
PBANKA_104030,
PBANKA_144790,
PBANKA_061240,
PBANKA_143270,
PBANKA_020840,
PBANKA_141450,
PBANKA_031420,
PBANKA_144100,
PBANKA_031000,"A,U"
PBANKA_114370,"G,T"
PBANKA_134800,"A,S"
PBANKA_070100,"A,V"
PBANKA_103010,"B,T"
PBANKA_082030,"B,T"
PBANKA_090870,"B,U"
PBANKA_030970,"B,U"
PBANKA_132090,"B,W"
PBANKA_131800,"C,T"
PBANKA_030470,"D,T"
PBANKA_140270,"D,T"
PBANKA_082850,"H,T"
PBANKA_123110,O
PBANKA_110910,O
PBANKA_132240,O
PBANKA_132530,O
PBANKA_140940,O
PBANKA_090810,O
PBANKA_121810,O
PBANKA_040780,O
PBANKA_040170,O
PBANKA_110880,O
PBANKA_051850,O
PBANKA_083200,O
PBANKA_070440,O
PBANKA_143320,O
PBANKA_092840,O
PBANKA_090980,O
PBANKA_093150,O
PBANKA_135120,O
PBANKA_123430,O
PBANKA_100590,O
PBANKA_131280,O
PBANKA_133690,O
PBANKA_080710,O
PBANKA_010600,O
PBANKA_020610,O
PBANKA_071960,O
PBANKA_071600,O
PBANKA_103270,O
PBANKA_021450,O
PBANKA_082640,O
PBANKA_041770,O
PBANKA_050530,O
PBANKA_131420,O
PBANKA_141440,O
PBANKA_145870,O
PBANKA_082160,O
PBANKA_070570,O
PBANKA_100530,O
PBANKA_011040,O
PBANKA_130560,O
PBANKA_041450,O
PBANKA_041740,O
PBANKA_092910,O
PBANKA_101240,O
PBANKA_010490,O
PBANKA_102320,O
PBANKA_111550,O
PBANKA_120500,O
PBANKA_121650,O
PBANKA_120440,O
PBANKA_011000,O
PBANKA_132400,O
PBANKA_040060,O
PBANKA_111050,O
PBANKA_080280,P
PBANKA_144560,P
PBANKA_112080,P
PBANKA_120660,P
PBANKA_112330,P
PBANKA_102210,P
PBANKA_070550,P
PBANKA_083240,P
PBANKA_101910,P
PBANKA_021030,P
PBANKA_031130,P
PBANKA_124570,P
PBANKA_140960,P
PBANKA_041540,P
PBANKA_123030,P
PBANKA_103220,P
PBANKA_082460,P
PBANKA_136410,P
PBANKA_041160,P
PBANKA_020730,P
PBANKA_104000,P
PBANKA_120370,P
PBANKA_041350,P
PBANKA_145190,P
PBANKA_143160,P
PBANKA_093750,P
PBANKA_101470,P
PBANKA_051710,P
PBANKA_110890,P
PBANKA_141020,P
PBANKA_141590,P
PBANKA_083550,P
PBANKA_071540,P
PBANKA_111850,P
PBANKA_082940,P
PBANKA_142040,P
PBANKA_131690,P
PBANKA_030890,P
PBANKA_140890,P
PBANKA_141060,P
PBANKA_031220,P
PBANKA_080730,P
PBANKA_092690,P
PBANKA_060870,P
PBANKA_121160,P
PBANKA_141120,P
PBANKA_041640,P
PBANKA_071050,P
PBANKA_122320,P
PBANKA_090820,P
PBANKA_134100,P
PBANKA_080580,P
PBANKA_133390,P
PBANKA_142680,P
PBANKA_135380,Q
PBANKA_120360,Q
PBANKA_133500,Q
PBANKA_100640,Q
PBANKA_114310,Q
PBANKA_051810,Q
PBANKA_103460,Q
PBANKA_060510,Q
PBANKA_141860,Q
PBANKA_081940,Q
PBANKA_143430,Q
PBANKA_051535,Q
PBANKA_083570,Q
PBANKA_061640,Q
PBANKA_071100,Q
PBANKA_102720,Q
PBANKA_092600,Q
PBANKA_141700,Q
PBANKA_071130,Q
PBANKA_110390,Q
PBANKA_082320,Q
PBANKA_030660,Q
PBANKA_040730,Q
PBANKA_140440,Q
PBANKA_110930,Q
PBANKA_146460,Q
PBANKA_092500,Q
PBANKA_111200,Q
PBANKA_040840,Q
PBANKA_135250,Q
PBANKA_112980,Q
PBANKA_030650,Q
PBANKA_142920,Q
PBANKA_113810,Q
PBANKA_143120,Q
PBANKA_141230,Q
PBANKA_090940,Q
PBANKA_132100,Q
PBANKA_031490,Q
PBANKA_111090,Q
PBANKA_071430,Q
PBANKA_140520,Q
PBANKA_131490,Q
PBANKA_082020,Q
PBANKA_140920,Q
PBANKA_041850,Q
PBANKA_120380,Q
PBANKA_114590,Q
PBANKA_145120,Q
PBANKA_051500,R
PBANKA_112310,R
PBANKA_121590,R
PBANKA_090460,R
PBANKA_050780,R
PBANKA_121960,R
PBANKA_146070,R
PBANKA_040560,R
PBANKA_120230,R
PBANKA_060880,R
PBANKA_031200,R
PBANKA_143660,R
PBANKA_091100,R
PBANKA_093360,R
PBANKA_071450,R
PBANKA_062200,R
PBANKA_090150,R
PBANKA_091670,R
PBANKA_146130,R
PBANKA_050720,R
PBANKA_083180,R
PBANKA_131940,R
PBANKA_010080,R
PBANKA_142710,R
PBANKA_120570,R
PBANKA_071270,R
PBANKA_112890,R
PBANKA_134940,R
PBANKA_052180,R
PBANKA_041680,R
PBANKA_072100,R
PBANKA_132010,R
PBANKA_142610,R
PBANKA_143500,R
PBANKA_030600,R
PBANKA_102910,R
PBANKA_071020,R
PBANKA_142280,R
PBANKA_134630,R
PBANKA_143590,R
PBANKA_082430,R
PBANKA_131140,R
PBANKA_120680,R
PBANKA_070160,R
PBANKA_121680,R
PBANKA_131870,R
PBANKA_061840,R
PBANKA_071120,R
PBANKA_120790,R
PBANKA_111690,R
PBANKA_061010,S
PBANKA_100120,S
PBANKA_070470,S
PBANKA_144900,S
PBANKA_133580,S
PBANKA_123360,S
PBANKA_103680,S
PBANKA_070850,S
PBANKA_133090,S
PBANKA_062240,S
PBANKA_100990,S
PBANKA_135460,S
PBANKA_010150,S
PBANKA_070660,S
PBANKA_113860,S
PBANKA_100250,S
PBANKA_050200,S
PBANKA_134420,S
PBANKA_090400,S
PBANKA_052320,S
PBANKA_131970,S
PBANKA_050265,S
PBANKA_103450,S
PBANKA_052230,S
PBANKA_100520,S
PBANKA_090860,S
PBANKA_100570,S
PBANKA_080900,S
PBANKA_030850,S
PBANKA_093190,S
PBANKA_122300,S
PBANKA_101210,S
PBANKA_103480,S
PBANKA_040950,S
PBANKA_110820,S
PBANKA_071630,S
PBANKA_120770,S
PBANKA_136370,S
PBANKA_050830,S
PBANKA_124430,S
PBANKA_071440,S
PBANKA_120710,S
PBANKA_131270,S
PBANKA_051700,S
PBANKA_010450,T
PBANKA_144830,T
PBANKA_130070,T
PBANKA_010570,T
PBANKA_031050,T
PBANKA_061960,T
PBANKA_111920,T
PBANKA_101620,T
PBANKA_030140,T
PBANKA_142930,T
PBANKA_091890,T
PBANKA_091300,T
PBANKA_111370,T
PBANKA_092870,T
PBANKA_142810,T
PBANKA_060920,T
PBANKA_133040,T
PBANKA_071400,T
PBANKA_132200,T
PBANKA_140790,T
PBANKA_114140,T
PBANKA_132320,T
PBANKA_111760,T
PBANKA_083660,T
PBANKA_090510,T
PBANKA_120110,T
PBANKA_080030,T
PBANKA_135210,T
PBANKA_146220,T
PBANKA_113190,T
PBANKA_111600,T
PBANKA_145540,T
PBANKA_071870,T
PBANKA_041240,T
PBANKA_030370,T
PBANKA_093230,T
PBANKA_144170,T
PBANKA_041170,T
PBANKA_134250,T
PBANKA_100060,T
PBANKA_102760,T
PBANKA_070820,T
PBANKA_122210,U
PBANKA_145180,U
PBANKA_141930,U
PBANKA_020960,U
PBANKA_020670,U
PBANKA_111430,U
PBANKA_062070,U
PBANKA_050380,U
PBANKA_082420,U
PBANKA_110230,U
PBANKA_133950,U
PBANKA_091600,U
PBANKA_144600,U
PBANKA_143520,U
PBANKA_122510,U
PBANKA_100870,U
PBANKA_100760,U
PBANKA_144570,U
PBANKA_060090,U
PBANKA_101640,U
PBANKA_130450,U
PBANKA_111100,U
PBANKA_050300,U
PBANKA_144240,U
PBANKA_010530,U
PBANKA_114550,U
PBANKA_020350,U
PBANKA_113870,U
PBANKA_143910,U
PBANKA_110640,U
PBANKA_051530,U
PBANKA_100080,U
PBANKA_010330,U
PBANKA_101980,U
PBANKA_121470,U
PBANKA_102070,U
PBANKA_142520,U
PBANKA_120060,U
PBANKA_120420,U
PBANKA_114480,U
PBANKA_082930,U
PBANKA_120540,U
PBANKA_110220,U
PBANKA_030060,U
PBANKA_090260,U
PBANKA_070070,U
PBANKA_134580,U
PBANKA_135640,V
PBANKA_133930,V
PBANKA_134610,V
PBANKA_031600,V
PBANKA_144820,V
PBANKA_100030,V
PBANKA_082530,V
PBANKA_124220,V
PBANKA_100620,V
PBANKA_011110,V
PBANKA_062140,V
PBANKA_123160,V
PBANKA_062320,V
PBANKA_140070,V
PBANKA_090610,V
PBANKA_123590,V
PBANKA_122270,V
PBANKA_062250,V
PBANKA_072020,V
PBANKA_132790,V
PBANKA_131600,V
PBANKA_101230,V
PBANKA_112690,V
PBANKA_100500,V
PBANKA_091280,V
PBANKA_120850,V
PBANKA_010970,V
PBANKA_091140,V
PBANKA_093890,V
PBANKA_041830,V
PBANKA_010920,V
PBANKA_070590,V
PBANKA_091640,V
PBANKA_110650,V
PBANKA_082300,V
PBANKA_142690,V
PBANKA_071660,V
PBANKA_061490,V
PBANKA_092140,V
PBANKA_132980,V
PBANKA_133180,V
PBANKA_021460,V
PBANKA_071230,V
PBANKA_021440,V
PBANKA_135800,V
PBANKA_070740,V
PBANKA_080040,V
PBANKA_145080,W
PBANKA_144460,W
PBANKA_103140,W
PBANKA_091370,W
PBANKA_061650,W
PBANKA_070370,W
PBANKA_144220,W
PBANKA_071790,W
PBANKA_083440,W
PBANKA_061570,W
PBANKA_130080,W
PBANKA_071610,W
PBANKA_030770,W
PBANKA_122670,W
PBANKA_040830,W
PBANKA_120820,W
PBANKA_070220,W
PBANKA_080670,W
PBANKA_094330,W
PBANKA_010820,W
PBANKA_090590,W
PBANKA_132960,W
PBANKA_101520,W
PBANKA_140330,W
PBANKA_135780,W
PBANKA_020900,W
PBANKA_071620,W
PBANKA_141780,W
PBANKA_100130,W
PBANKA_090440,W
PBANKA_040110,W
PBANKA_135940,W
PBANKA_103430,W
PBANKA_051080,W
PBANKA_031230,W
PBANKA_100610,W
PBANKA_051990,W
PBANKA_142890,W
PBANKA_103760,W
PBANKA_030780,W
PBANKA_110130,W
PBANKA_145800,W
PBANKA_020300,W
PBANKA_120870,W
PBANKA_112050,X
PBANKA_093810,X
PBANKA_112680,X
PBANKA_082250,X
PBANKA_080260,X
PBANKA_093400,X
PBANKA_112730,X
PBANKA_142120,X
PBANKA_142840,X
PBANKA_101710,X
PBANKA_141640,X
PBANKA_143830,X
PBANKA_030420,X
PBANKA_142790,X
PBANKA_134120,X
PBANKA_020290,X
PBANKA_020580,X
PBANKA_041470,X
PBANKA_103490,X
PBANKA_082910,X
PBANKA_112270,X
PBANKA_080510,X
PBANKA_111700,X
PBANKA_101800,X
PBANKA_070630,X
PBANKA_130150,X
PBANKA_080660,X
PBANKA_040720,X
PBANKA_100970,X
PBANKA_101650,X
PBANKA_040340,X
PBANKA_131610,X
PBANKA_103930,X
PBANKA_081620,X
PBANKA_142640,X
PBANKA_080870,X
PBANKA_100770,X
PBANKA_103640,X
PBANKA_020390,X
PBANKA_010870,X
PBANKA_092890,X
PBANKA_101010,X
PBANKA_092820,X
PBANKA_144710,X
PBANKA_130970,X
PBANKA_010770,X
PBANKA_132050,X
PBANKA_070940,X
PBANKA_111710,X
PBANKA_112180,
PBANKA_133750,
PBANKA_133680,
PBANKA_142320,
PBANKA_112380,
PBANKA_010290,
PBANKA_102920,
PBANKA_123780,
PBANKA_123140,
PBANKA_020370,
PBANKA_102490,
PBANKA_145950,
PBANKA_060990,
PBANKA_090020,
PBANKA_140020,
PBANKA_124670,
PBANKA_112040,
PBANKA_050060,
PBANKA_010040,
PBANKA_052430,
PBANKA_020020,
PBANKA_062310,
PBANKA_052480,
PBANKA_122540,
PBANKA_083020,
PBANKA_101300,
